City_ID,City,Country,Lat,Lng,Max Temp,Humidity,Cloudiness,Wind Speed,Current Description
0,Mataura,NZ,-46.1927,168.8643,33.06,90,100,2.77,overcast clouds
1,Xining,CN,36.6167,101.7667,56.23,86,100,2.73,overcast clouds
2,Clyde River,CA,70.4692,-68.5914,39.43,87,75,9.22,broken clouds
3,Busselton,AU,-33.65,115.3333,53.49,66,94,8.37,overcast clouds
4,San Rafael Del Sur,NI,11.8485,-86.4384,83.37,80,100,7.31,overcast clouds
5,Harrisonville,US,38.6533,-94.3488,91.08,45,0,0.0,clear sky
6,Tigil,RU,57.8,158.6667,54.72,94,100,17.65,moderate rain
7,Puerto Ayora,EC,-0.7393,-90.3518,75.16,82,96,4.0,overcast clouds
8,Rikitea,PF,-23.1203,-134.9692,69.08,70,100,13.76,overcast clouds
9,Richards Bay,ZA,-28.783,32.0377,67.12,73,0,12.73,clear sky
10,Adrar,MR,20.5022,-10.0711,102.6,21,0,11.77,clear sky
11,Ushuaia,AR,-54.8,-68.3,44.26,45,40,11.5,scattered clouds
12,Tuktoyaktuk,CA,69.4541,-133.0374,55.4,94,100,5.75,light rain
13,Jamestown,US,42.097,-79.2353,81.05,57,40,6.91,scattered clouds
14,Bethel,US,41.3712,-73.414,90.63,50,40,6.91,scattered clouds
15,Lebu,CL,-37.6167,-73.65,50.04,74,81,18.3,broken clouds
16,North Bend,US,43.4065,-124.2243,70.92,88,100,17.27,overcast clouds
17,Albany,US,42.6001,-73.9662,84.85,54,84,6.8,broken clouds
18,Saint-Augustin,CA,51.226,-58.6502,66.54,79,99,3.94,overcast clouds
19,Mar Del Plata,AR,-38.0023,-57.5575,69.82,51,0,9.22,clear sky
20,Biguacu,BR,-27.4942,-48.6556,73.42,85,6,5.73,clear sky
21,Sao Lourenco,BR,-22.1164,-45.0544,71.74,45,79,6.6,broken clouds
22,Port Elizabeth,ZA,-33.918,25.5701,81.1,42,0,6.91,clear sky
23,Kruisfontein,ZA,-34.0033,24.7314,78.89,29,31,7.4,scattered clouds
24,Ouadda,CF,8.0777,22.4007,68.77,96,100,1.63,moderate rain
25,Aksu,CN,41.1231,80.2644,71.44,46,100,1.28,light rain
26,Dharchula,IN,29.85,80.5333,72.41,94,100,1.48,overcast clouds
27,Hithadhoo,MV,-0.6,73.0833,81.36,73,100,5.1,overcast clouds
28,Lorengau,PG,-2.0226,147.2712,79.74,72,6,5.44,clear sky
29,Boysun,UZ,38.2061,67.1986,62.69,27,3,3.74,clear sky
30,Georgetown,MY,5.4112,100.3354,80.53,89,20,2.3,few clouds
31,Saint George,US,37.1041,-113.5841,99.79,24,0,5.01,clear sky
32,Castro,BR,-24.7911,-50.0119,68.0,51,22,5.1,few clouds
33,Wanning,CN,18.8003,110.3967,76.37,90,100,7.76,moderate rain
34,Biak,ID,-0.9131,122.8766,74.75,86,100,5.12,overcast clouds
35,Lazaro Cardenas,MX,17.9583,-102.2,87.53,61,20,9.62,few clouds
36,Lagos,NG,6.5833,3.75,74.7,87,100,5.01,overcast clouds
37,Kodiak,US,57.79,-152.4072,54.91,94,100,8.05,overcast clouds
38,Mount Gambier,AU,-37.8333,140.7667,48.11,93,75,5.75,broken clouds
39,Qaanaaq,GL,77.484,-69.3632,37.24,97,100,9.4,overcast clouds
40,Hobyo,SO,5.3505,48.5268,76.71,81,100,22.86,overcast clouds
41,Yar-Sale,RU,66.8333,70.8333,53.56,58,5,20.02,clear sky
42,Abu Dhabi,AE,24.4667,54.3667,98.71,63,0,4.61,clear sky
43,Kapaa,US,22.0752,-159.319,84.11,76,20,4.0,light rain
44,Chimbote,PE,-9.0853,-78.5783,67.89,71,11,11.23,few clouds
45,Fortuna,US,40.5982,-124.1573,62.65,100,100,5.75,overcast clouds
46,Pacifica,US,37.6138,-122.4869,82.67,82,20,21.0,few clouds
47,Suntar,RU,62.1444,117.6319,44.85,82,100,3.91,overcast clouds
48,Atuona,PF,-9.8,-139.0333,77.86,62,92,8.61,overcast clouds
49,Maneadero,MX,31.7167,-116.5667,73.09,79,19,7.0,few clouds
50,Hermanus,ZA,-34.4187,19.2345,58.8,78,0,14.88,clear sky
51,Misratah,LY,32.3754,15.0925,81.55,60,0,7.4,clear sky
52,Teknaf,BD,20.8624,92.3058,79.43,89,22,2.82,few clouds
53,Cherskiy,RU,68.75,161.3,54.27,74,83,5.95,broken clouds
54,Butaritari,KI,3.0707,172.7902,81.46,67,6,8.86,clear sky
55,Tiksi,RU,71.6872,128.8694,38.35,89,45,6.15,scattered clouds
56,Norman Wells,CA,65.282,-126.8329,62.64,72,75,3.44,smoke
57,Port Alfred,ZA,-33.5906,26.891,69.19,48,2,11.48,clear sky
58,Chokurdakh,RU,70.6333,147.9167,38.79,88,99,11.39,overcast clouds
59,Arenal,CO,8.4593,-73.9433,92.23,51,36,2.21,scattered clouds
60,Touros,BR,-5.1989,-35.4608,79.38,67,58,18.3,broken clouds
61,Kawalu,ID,-7.3817,108.2082,70.47,97,96,2.71,overcast clouds
62,Hilo,US,19.7297,-155.09,88.29,72,40,3.0,scattered clouds
63,Inirida,CO,3.8653,-67.9239,81.57,68,66,3.51,broken clouds
64,Freeport,US,40.6576,-73.5832,92.25,44,0,13.8,clear sky
65,Muros,ES,42.7762,-9.0603,72.09,80,22,11.45,few clouds
66,Victoria,HK,22.2855,114.1577,82.26,86,100,18.01,overcast clouds
67,Srednekolymsk,RU,67.45,153.6833,46.2,91,100,13.13,overcast clouds
68,Kavaratti,IN,10.5669,72.642,80.2,82,100,17.18,moderate rain
69,Oktyabrskiy,RU,54.4815,53.471,65.19,58,0,2.66,clear sky
70,Mweka,CD,-4.85,21.5667,78.84,53,74,2.62,broken clouds
71,Palmerston,AU,-12.486,130.9833,69.78,23,0,13.8,clear sky
72,Punta Arenas,CL,-53.15,-70.9167,44.71,61,40,27.63,scattered clouds
73,Vestmannaeyjar,IS,63.4427,-20.2734,54.59,87,40,1.14,scattered clouds
74,Ginir,ET,7.1333,40.7,60.48,66,57,14.56,broken clouds
75,Ambanja,MG,-13.6833,48.45,71.28,84,80,1.95,light rain
76,Ponta Delgada,PT,37.7333,-25.6667,74.12,68,75,3.44,broken clouds
77,Vila Velha,BR,-20.3297,-40.2925,75.15,84,0,13.8,clear sky
78,Upernavik,GL,72.7868,-56.1549,42.67,76,100,3.78,overcast clouds
79,Nikolskoye,RU,59.7035,30.7861,75.09,50,97,6.29,overcast clouds
80,Souillac,MU,-20.5167,57.5167,70.18,73,40,8.05,scattered clouds
81,Ilulissat,GL,69.2167,-51.1,50.02,53,75,6.91,broken clouds
82,Lubango,AO,-14.9172,13.4925,62.15,37,47,4.36,scattered clouds
83,Sinnamary,GF,5.3833,-52.95,83.03,72,91,7.54,overcast clouds
84,Bambanglipuro,ID,-7.95,110.2833,74.19,85,98,9.78,overcast clouds
85,Airai,TL,-8.9266,125.4092,54.64,90,100,4.16,overcast clouds
86,Vaini,TO,-21.2,-175.2,71.76,94,20,5.75,few clouds
87,New Norfolk,AU,-42.7826,147.0587,45.9,88,100,3.02,overcast clouds
88,Tahta,EG,26.7693,31.5021,96.37,16,0,9.75,clear sky
89,Ampanihy,MG,-24.7,44.75,71.67,45,0,13.76,clear sky
90,Hammerfest,NO,70.6634,23.6821,46.85,100,0,5.75,clear sky
91,Hasaki,JP,35.7333,140.8333,73.8,87,100,13.2,overcast clouds
92,Langsa,ID,4.4683,97.9683,73.22,99,100,2.75,overcast clouds
93,Saint-Philippe,RE,-21.3585,55.7679,71.19,76,34,12.8,scattered clouds
94,Olden,NO,61.8364,6.8064,70.54,77,100,7.87,overcast clouds
95,Pacific Grove,US,36.6177,-121.9166,72.39,87,20,8.05,few clouds
96,Barrow,US,71.2906,-156.7887,41.02,100,100,3.44,mist
97,Cabo San Lucas,MX,22.8909,-109.9124,94.6,48,20,14.97,few clouds
98,Akcakoca,TR,41.0866,31.1162,74.17,88,100,9.19,light rain
99,Pierre,US,44.3683,-100.351,86.86,55,20,7.0,few clouds
100,Shingu,JP,33.7333,135.9833,77.59,90,38,4.32,scattered clouds
101,Kaitangata,NZ,-46.2817,169.8464,36.63,80,100,3.56,overcast clouds
102,Ellenabad,IN,29.45,74.65,85.48,67,81,11.7,broken clouds
103,Arraial Do Cabo,BR,-22.9661,-42.0278,69.66,83,75,19.57,light intensity drizzle
104,Bluff,NZ,-46.6,168.3333,39.6,78,52,8.16,broken clouds
105,Coquimbo,CL,-29.9533,-71.3436,56.93,82,40,13.8,scattered clouds
106,Doka,SD,13.5167,35.7667,71.83,95,100,11.27,overcast clouds
107,Necochea,AR,-38.5473,-58.7368,66.58,46,7,6.02,clear sky
108,Laguna,US,38.421,-121.4238,101.08,36,0,9.22,clear sky
109,Geraldton,AU,-28.7667,114.6,50.41,71,100,10.36,overcast clouds
110,Narsaq,GL,60.9167,-46.05,52.02,86,41,5.93,scattered clouds
111,Waingapu,ID,-9.6567,120.2641,75.0,81,100,13.71,overcast clouds
112,Provideniya,RU,64.3833,-173.3,47.39,84,96,7.14,overcast clouds
113,Dikson,RU,73.5069,80.5464,42.19,98,100,11.25,light rain
114,Mikhaylovsk,RU,45.1283,42.0256,73.62,43,0,25.01,clear sky
115,Loikaw,MM,19.6742,97.2094,67.55,95,97,4.23,overcast clouds
116,Oxford,GB,51.7522,-1.256,76.48,68,20,10.36,few clouds
117,Severobaykalsk,RU,55.65,109.3167,42.22,82,93,5.46,overcast clouds
118,Oda,JP,35.1833,132.5,76.42,93,77,3.27,broken clouds
119,Ponta Do Sol,PT,32.6667,-17.1,77.0,75,1,3.47,clear sky
120,Saskylakh,RU,71.9167,114.0833,40.55,72,100,10.13,overcast clouds
121,Brigantine,US,39.4101,-74.3646,88.03,62,40,10.36,scattered clouds
122,Saldanha,ZA,-33.0117,17.9442,57.43,84,100,17.85,overcast clouds
123,Kantunilkin,MX,21.0917,-87.45,93.88,42,36,4.88,scattered clouds
124,Son Tay,VN,21.1378,105.505,84.13,89,100,3.6,overcast clouds
125,Tandalti,SD,13.0167,31.8667,80.6,68,63,11.12,light rain
126,Haines Junction,CA,60.7522,-137.5108,62.55,55,100,6.91,overcast clouds
127,Olinda,BR,-8.0089,-34.8553,78.53,69,40,17.27,scattered clouds
128,Athabasca,CA,54.7169,-113.2854,81.01,33,0,5.91,clear sky
129,Meulaboh,ID,4.1363,96.1285,75.74,91,100,4.52,overcast clouds
130,Port Macquarie,AU,-31.4333,152.9167,35.89,72,0,6.31,clear sky
131,Hobart,AU,-42.8794,147.3294,46.26,87,100,5.75,overcast clouds
132,Alofi,NU,-19.0595,-169.9187,71.49,94,9,5.75,clear sky
133,Andijon,UZ,40.7821,72.3442,76.28,18,100,2.98,overcast clouds
134,Thompson,CA,55.7435,-97.8558,62.76,34,40,8.05,scattered clouds
135,Solnechnyy,RU,50.7214,136.6319,53.89,75,67,3.65,broken clouds
136,Basco,PH,20.4487,121.9702,84.09,74,22,6.17,few clouds
137,Toppenish,US,46.3774,-120.3087,93.02,21,0,8.72,clear sky
138,Topeka,US,39.0483,-95.678,91.58,45,0,3.44,clear sky
139,Kununurra,AU,-15.7667,128.7333,66.18,15,7,10.36,clear sky
140,Vagur,FO,61.4732,-6.8119,51.73,95,71,11.34,broken clouds
141,Deputatskiy,RU,69.3,139.9,37.56,86,100,2.91,overcast clouds
142,Hambantota,LK,6.1241,81.1185,78.33,82,81,19.3,broken clouds
143,Hay River,CA,60.8156,-115.7999,76.98,57,40,8.05,smoke
144,Curuca,BR,-0.7289,-47.8481,81.77,81,60,6.49,broken clouds
145,Dongsheng,CN,39.8161,109.9776,58.68,43,100,7.11,overcast clouds
146,Mathathane,BW,-22.2687,28.7495,62.26,44,0,6.96,clear sky
147,Madang,PG,-5.2246,145.7966,73.99,93,38,3.22,scattered clouds
148,Okhotsk,RU,59.3833,143.3,54.75,78,100,12.75,overcast clouds
149,Rawson,AR,-43.3002,-65.1023,57.67,29,6,17.78,clear sky
150,Yellowknife,CA,62.456,-114.3525,66.72,55,75,6.91,smoke
151,Iqaluit,CA,63.7506,-68.5145,47.93,87,100,16.11,light rain
152,Husavik,IS,66.0449,-17.3389,48.61,97,100,6.2,overcast clouds
153,Avarua,CK,-21.2078,-159.775,75.25,69,40,6.91,scattered clouds
154,Fort Nelson,CA,58.8053,-122.7002,80.19,54,20,4.61,few clouds
155,Nemuro,JP,43.3236,145.575,63.82,80,32,11.88,scattered clouds
156,Camacha,PT,33.0833,-16.3333,69.22,78,20,11.5,few clouds
157,Udachnyy,RU,66.4167,112.4,43.45,86,63,4.83,broken clouds
158,Longyearbyen,SJ,78.2186,15.6401,42.64,81,75,13.8,light rain
159,Guerrero Negro,MX,27.9769,-114.0611,86.25,48,91,5.79,overcast clouds
160,Soyo,AO,-6.1349,12.3689,71.94,86,82,8.28,broken clouds
161,Khatanga,RU,71.9667,102.5,47.44,95,100,15.41,overcast clouds
162,Praia,CV,14.9215,-23.5087,82.94,65,20,10.36,few clouds
163,Yebaishou,CN,41.3975,119.6408,59.22,89,3,3.71,clear sky
164,Banda Aceh,ID,5.5577,95.3222,78.53,84,100,11.1,overcast clouds
165,Buraydah,SA,26.326,43.975,93.65,13,2,12.71,clear sky
166,Mahebourg,MU,-20.4081,57.7,70.09,73,40,8.05,scattered clouds
167,Carnarvon,AU,-24.8667,113.6333,66.72,48,4,9.8,clear sky
168,Mattru,SL,7.6244,-11.8332,72.37,99,100,3.69,heavy intensity rain
169,Along,IN,28.1667,94.7667,76.26,98,84,1.61,light rain
170,Lengshuitan,CN,26.4111,111.5956,78.57,86,67,2.95,broken clouds
171,Yarada,IN,17.65,83.2667,77.32,94,40,2.3,scattered clouds
172,Maposeni,TZ,-10.5833,35.4,63.46,57,27,3.36,scattered clouds
173,Vila,PT,42.0304,-8.1588,69.69,71,9,4.03,clear sky
174,Burnie,AU,-41.0667,145.9167,48.94,74,36,7.7,scattered clouds
175,Tabas,IR,33.5959,56.9244,76.39,12,0,8.5,clear sky
176,Rongcheng,CN,30.634,117.8517,74.95,93,44,2.8,scattered clouds
177,Sonoita,MX,31.85,-112.8333,90.14,49,71,5.97,broken clouds
178,Nhulunbuy,AU,-12.2333,136.7667,72.21,56,13,17.27,few clouds
179,Faya,SA,18.3851,42.4509,69.91,46,96,2.55,overcast clouds
180,Komsomolskiy,UZ,40.4272,71.7189,79.52,34,100,6.91,overcast clouds
181,Laminusa,PH,5.5549,120.9136,82.4,78,97,11.07,overcast clouds
182,Lompoc,US,34.6391,-120.4579,89.02,71,20,5.75,few clouds
183,Bilibino,RU,68.0546,166.4372,54.16,69,99,3.58,overcast clouds
184,Melville,US,40.7934,-73.4151,92.88,44,0,10.36,clear sky
185,Niesky,DE,51.2924,14.8211,69.12,97,13,3.27,few clouds
186,Nova Paka,CZ,50.4945,15.515,66.88,89,45,4.99,scattered clouds
187,Artsvaberd,AM,40.8336,45.4711,58.91,36,0,5.3,clear sky
188,Brae,GB,60.3964,-1.353,56.17,94,100,11.81,light rain
189,Hami,CN,42.8,93.45,73.27,15,76,1.61,broken clouds
190,Maryville,US,35.7565,-83.9705,90.07,51,75,5.75,broken clouds
191,Codrington,AU,-38.2667,141.9667,50.47,91,75,10.33,broken clouds
192,Flin Flon,CA,54.7682,-101.865,66.04,42,20,8.05,smoke
193,Cap Malheureux,MU,-19.9842,57.6142,67.46,70,79,3.0,light rain
194,Sao Paulo De Olivenca,BR,-3.3783,-68.8725,92.97,35,66,1.39,broken clouds
195,Barcelos,PT,41.5388,-8.6151,69.91,95,24,4.68,few clouds
196,Kletskaya,RU,49.3145,43.0584,79.52,25,0,14.61,clear sky
197,Katsuura,JP,35.1333,140.3,76.35,89,99,11.36,overcast clouds
198,Cape Town,ZA,-33.9258,18.4232,59.41,77,75,17.27,broken clouds
199,Tingo Maria,PE,-9.2895,-76.0088,88.11,45,20,2.3,few clouds
200,Acapulco,MX,16.8634,-99.8901,87.62,66,20,9.22,few clouds
201,Kysyl-Syr,RU,63.8986,122.7617,45.84,87,100,6.04,overcast clouds
202,Saint-Pierre,RE,-21.3393,55.4781,71.28,69,0,19.57,clear sky
203,Bambous Virieux,MU,-20.3428,57.7575,70.05,73,40,8.05,scattered clouds
204,Kukes,AL,42.0769,20.4219,66.85,89,54,5.17,broken clouds
205,Nishihara,JP,26.1842,127.7558,85.28,84,20,14.97,few clouds
206,Marzuq,YE,14.4,46.4667,79.05,57,39,8.21,scattered clouds
207,Pisco,PE,-13.7,-76.2167,63.01,77,20,8.05,few clouds
208,Henties Bay,NA,-22.116,14.2845,55.04,94,9,5.7,clear sky
209,Zhigansk,RU,66.7697,123.3711,40.6,79,22,7.9,few clouds
210,Zaragoza,ES,41.6561,-0.8773,74.01,75,40,13.8,thunderstorm with light rain
211,Klaksvik,FO,62.2266,-6.589,54.52,96,100,7.38,overcast clouds
212,Srandakan,ID,-7.9386,110.2506,73.96,85,99,9.33,overcast clouds
213,Mabaruma,GY,8.2,-59.7833,75.43,96,100,1.5,overcast clouds
214,Talnakh,RU,69.4865,88.3972,49.21,87,47,6.15,scattered clouds
215,Salalah,OM,17.0151,54.0924,75.29,100,100,3.44,light intensity drizzle
216,Kyra,RU,49.5776,111.9753,38.8,81,64,5.86,broken clouds
217,Lons,FR,43.3167,-0.4,84.42,61,0,0.0,clear sky
218,Ipira,BR,-12.1583,-39.7372,75.56,50,98,12.73,overcast clouds
219,Takoradi,GH,4.8845,-1.7554,74.25,85,23,5.19,few clouds
220,Maymyo,MM,22.0333,96.4667,67.51,88,93,2.01,overcast clouds
221,Casablanca,MA,33.5928,-7.6192,75.42,73,75,6.91,broken clouds
222,Kahului,US,20.8947,-156.47,84.97,66,20,13.0,few clouds
223,Baena,ES,37.6167,-4.3225,90.66,47,3,10.85,clear sky
224,Bredasdorp,ZA,-34.5322,20.0403,54.07,83,2,1.97,clear sky
225,Ola,RU,59.5833,151.2833,52.14,90,100,4.12,light rain
226,Hofn,IS,64.2539,-15.2082,51.82,93,75,4.61,broken clouds
227,Beringovskiy,RU,63.05,179.3167,49.3,95,100,17.83,moderate rain
228,Boende,CD,-0.2167,20.8667,74.7,78,50,3.22,light rain
229,Asmar,AF,35.0333,71.3581,72.21,86,100,7.43,light rain
230,Margate,GB,51.3813,1.3862,75.11,86,94,1.99,overcast clouds
231,Thinadhoo,MV,0.5333,72.9333,81.18,75,100,7.58,overcast clouds
232,Darnah,LY,32.767,22.6367,79.18,69,0,16.64,clear sky
233,Dingle,PH,10.9995,122.6711,75.7,91,77,2.08,broken clouds
234,Huarmey,PE,-10.0681,-78.1522,67.69,72,7,9.86,clear sky
235,Marawi,PH,7.9986,124.2928,67.64,93,89,3.04,overcast clouds
236,Semey,KZ,50.4111,80.2275,56.43,54,0,10.02,clear sky
237,Sorland,NO,67.667,12.6934,55.26,64,5,7.43,clear sky
238,Popondetta,PG,-8.7537,148.2534,71.26,97,83,2.73,broken clouds
239,Gold Coast,AU,-28.0,153.4333,51.01,76,0,1.14,clear sky
240,Ancud,CL,-41.8697,-73.8203,45.23,66,100,6.13,overcast clouds
241,Champerico,GT,14.3,-91.9167,91.94,76,93,8.93,overcast clouds
242,Kloulklubed,PW,7.0419,134.2556,83.66,65,78,7.92,broken clouds
243,San Patricio,US,28.017,-97.5169,94.86,54,99,4.05,overcast clouds
244,Sitka,US,57.0531,-135.33,62.49,82,75,6.91,broken clouds
245,Ust-Tarka,RU,55.5672,75.705,56.98,77,0,4.83,clear sky
246,Arawa,PG,-6.2132,155.5367,75.81,90,100,1.95,overcast clouds
247,Jalu,LY,29.0331,21.5482,86.47,32,0,12.01,clear sky
248,Bermeo,ES,43.4209,-2.7215,75.4,92,100,16.24,overcast clouds
249,Pevek,RU,69.7008,170.3133,43.52,85,45,1.59,scattered clouds
250,Churapcha,RU,62.0025,132.4325,45.23,97,100,8.3,overcast clouds
251,Constitucion,CL,-35.3333,-72.4167,58.14,71,97,13.94,overcast clouds
252,Evensk,RU,61.95,159.2333,51.08,93,100,11.36,moderate rain
253,Lodja,CD,-3.4833,23.4333,75.87,66,8,1.7,clear sky
254,Upington,ZA,-28.4478,21.2561,71.98,23,0,11.5,clear sky
255,Flinders,AU,-34.5833,150.8552,51.39,72,12,9.48,light rain
256,Ribeira Grande,PT,38.5167,-28.7,75.6,78,40,0.0,scattered clouds
257,Hervey Bay,AU,-25.2986,152.8535,50.23,61,0,6.78,clear sky
258,Turayf,SA,31.6725,38.6637,84.45,21,0,8.05,clear sky
259,Alyth,GB,56.6221,-3.2301,61.83,73,100,3.0,overcast clouds
260,Severo-Kurilsk,RU,50.6789,156.125,53.1,93,100,20.89,overcast clouds
261,Andenes,NO,69.3143,16.1194,51.93,93,0,4.61,clear sky
262,Tanabe,JP,33.7333,135.3667,77.86,92,50,2.93,scattered clouds
263,Turbat,PK,26.0023,63.044,87.98,52,100,10.16,overcast clouds
264,Inhambane,MZ,-23.865,35.3833,66.18,88,20,4.61,few clouds
265,Caarapo,BR,-22.6342,-54.8222,80.62,44,41,5.28,scattered clouds
266,East London,ZA,-33.0153,27.9116,75.61,35,1,11.59,clear sky
267,Inuvik,CA,68.3499,-133.7218,56.26,94,100,4.61,light rain
268,Mali,GN,12.079,-12.2982,59.77,96,100,3.53,light rain
269,Turukhansk,RU,65.8167,87.9833,55.8,99,100,7.31,moderate rain
270,Puerto Maldonado,PE,-12.6,-69.1833,93.6,29,0,5.75,clear sky
271,Fort Saint James,CA,54.4333,-124.25,86.05,35,5,1.12,clear sky
272,Mehamn,NO,71.0357,27.8492,48.11,93,0,1.14,clear sky
273,Teahupoo,PF,-17.8333,-149.2667,71.56,78,88,19.73,light rain
274,Koch Bihar,IN,26.3167,89.4333,81.39,82,32,3.65,scattered clouds
275,Onguday,RU,50.75,86.15,44.67,92,2,1.23,clear sky
276,Korla,CN,41.7597,86.1469,76.55,26,73,8.61,broken clouds
277,Konevo,RU,62.1215,39.3192,65.1,77,27,4.97,light rain
278,Paamiut,GL,61.994,-49.6678,41.72,99,100,9.51,overcast clouds
279,Krasnik,PL,50.9236,22.2271,73.27,52,30,8.43,scattered clouds
280,Makueni,KE,-1.8041,37.6203,63.63,62,18,9.37,few clouds
281,Daru,PG,-9.0763,143.2092,76.23,91,89,16.42,overcast clouds
282,Shimanovsk,RU,52.0,127.7,49.19,93,100,1.14,overcast clouds
283,Cabedelo,BR,-6.9811,-34.8339,79.47,79,58,18.01,broken clouds
284,Wanaka,NZ,-44.7,169.15,35.11,85,100,1.01,overcast clouds
285,Dobre Miasto,PL,53.9867,20.3975,67.3,92,25,6.17,scattered clouds
286,Senno,RU,59.5336,33.9167,73.11,47,96,6.89,overcast clouds
287,Alta Floresta,BR,-9.8756,-56.0861,100.22,23,20,5.75,few clouds
288,Bengkulu,ID,-3.8004,102.2655,74.14,90,47,4.03,scattered clouds
289,Faanui,PF,-16.4833,-151.75,76.73,77,3,11.52,clear sky
290,Sembakung,ID,3.8167,117.25,73.18,99,100,0.07,overcast clouds
291,Lakatoro,VU,-16.0999,167.4164,77.18,85,14,9.13,few clouds
292,Whitehorse,CA,60.7161,-135.0538,65.17,59,75,13.8,broken clouds
293,Sangar,RU,63.9242,127.4739,41.59,87,62,7.49,broken clouds
294,Aden,YE,12.7794,45.0367,85.19,64,82,8.79,broken clouds
295,Vostok,RU,46.4856,135.8833,45.84,91,15,4.81,few clouds
296,Praia Da Vitoria,PT,38.7333,-27.0667,77.25,78,40,7.81,scattered clouds
297,Novoagansk,RU,61.9449,76.6625,60.85,87,100,8.23,light rain
298,Yulara,AU,-25.2406,130.9889,40.95,56,0,9.53,clear sky
299,Roura,GF,4.7263,-52.3274,85.91,66,29,4.61,scattered clouds
300,Funchal,PT,32.6333,-16.9,77.0,78,20,9.22,few clouds
301,Karlivka,UA,49.4567,35.1295,70.36,31,0,9.86,clear sky
302,Verdun,FR,49.25,5.3333,80.82,34,33,5.82,scattered clouds
303,Marrakesh,MA,31.6315,-8.0083,91.47,35,20,6.91,thunderstorm
304,Isangel,VU,-19.55,169.2667,74.19,84,1,4.74,clear sky
305,Zabol,AF,32.25,67.25,63.86,83,100,16.33,overcast clouds
306,Minot,US,48.2325,-101.2963,70.02,64,100,6.91,overcast clouds
307,Thaton,MM,16.9206,97.3714,78.08,92,94,3.85,overcast clouds
308,Stephenville Crossing,CA,48.5,-58.4318,68.22,100,100,11.5,mist
309,Rafsanjan,IR,30.4067,55.9939,72.39,10,0,6.58,clear sky
310,Olkhovka,RU,53.2115,60.6069,62.38,56,27,2.82,scattered clouds
311,Kahone,SN,14.15,-16.0333,76.78,84,100,4.88,overcast clouds
312,Rocha,UY,-34.4833,-54.3333,68.92,56,14,3.91,few clouds
313,Saryg-Sep,RU,51.5,95.6,40.86,77,53,2.95,broken clouds
314,Cidreira,BR,-30.1811,-50.2056,63.81,77,1,7.14,clear sky
315,Turan,VN,16.0678,108.2208,76.98,88,20,4.61,moderate rain
316,Vondrozo,MG,-22.8167,47.2833,57.42,96,52,0.78,broken clouds
317,Ust-Omchug,RU,61.15,149.6333,44.24,94,100,9.46,light rain
318,Buin,CL,-33.7333,-70.75,73.87,61,100,2.73,overcast clouds
319,Esperance,AU,-33.8667,121.9,47.98,74,100,11.86,overcast clouds
320,Dryden,CA,49.7833,-92.7503,70.09,56,100,3.44,overcast clouds
321,Makat,KZ,47.6469,53.3463,77.36,34,0,8.16,clear sky
322,Maloy,NO,61.9353,5.1136,62.33,91,100,7.23,light rain
323,Dickinson,US,29.4608,-95.0513,84.02,88,75,8.05,broken clouds
324,Banfora,BF,10.6333,-4.7667,72.18,96,45,3.65,moderate rain
325,Cap-Aux-Meules,CA,47.3821,-61.8597,69.85,83,75,9.22,broken clouds
326,Pouebo,NC,-20.4,164.5667,70.41,79,1,5.53,clear sky
327,Tasiilaq,GL,65.6145,-37.6368,46.56,67,60,5.37,broken clouds
328,Vao,NC,-22.6667,167.4833,72.39,75,0,7.4,clear sky
329,Yekaterinoslavka,RU,50.3734,129.1139,51.71,95,100,3.18,overcast clouds
330,Manono,CD,-7.3,27.4167,81.59,32,53,2.28,broken clouds
331,Sao Joao Da Barra,BR,-21.6403,-41.0511,73.49,81,65,16.51,broken clouds
332,Chapais,CA,49.7834,-74.8492,64.18,40,35,10.67,scattered clouds
333,Bijeljina,BA,44.7569,19.2161,66.79,84,97,2.51,light rain
334,Rayagada,IN,19.1667,83.4167,76.08,88,100,0.78,overcast clouds
335,Junagarh,IN,19.8667,82.9333,76.15,87,100,0.96,overcast clouds
336,Rutana,BI,-3.8667,30.1,63.55,41,5,3.29,clear sky
337,General Roca,AR,-39.0333,-67.5833,62.62,35,100,13.56,overcast clouds
338,Christchurch,NZ,-43.5333,172.6333,42.48,90,75,2.3,broken clouds
339,Torbay,CA,47.6666,-52.7314,74.17,89,75,21.85,broken clouds
340,Kuryk,KZ,43.2,51.65,78.17,32,0,7.74,clear sky
341,Olafsvik,IS,64.8945,-23.7142,49.86,82,96,9.22,overcast clouds
342,Hopewell,US,37.3043,-77.2872,91.58,45,55,1.88,broken clouds
343,Grand-Lahou,CI,5.1367,-5.0242,73.98,87,13,5.86,few clouds
344,Maroua,CM,10.591,14.3159,72.48,84,100,3.94,overcast clouds
345,Kwekwe,ZW,-18.9281,29.8149,60.39,48,20,8.63,few clouds
346,Sayyan,YE,15.1718,44.3244,68.13,40,85,5.59,overcast clouds
347,Ahipara,NZ,-35.1667,173.1667,58.35,96,100,14.81,overcast clouds
348,Dax,FR,43.75,-1.1667,85.66,75,100,3.44,overcast clouds
349,Yeppoon,AU,-23.1333,150.7333,42.58,57,0,5.66,clear sky
350,Dukat,RU,62.55,155.55,43.65,96,100,11.01,light rain
351,Kainantu,PG,-6.2887,145.8655,56.84,97,97,0.85,overcast clouds
352,Gamba,GA,-2.65,10.0,72.63,82,82,7.18,broken clouds
353,Dakar,SN,14.6937,-17.4441,81.48,77,100,13.4,overcast clouds
354,Maldonado,UY,-34.6667,-54.9167,70.99,63,11,2.66,few clouds
355,Nerchinskiy Zavod,RU,51.3088,119.61,39.15,91,12,3.2,few clouds
356,Maniitsoq,GL,65.4167,-52.9,42.01,96,100,14.41,light rain
357,Tacuarembo,UY,-31.7333,-55.9833,73.31,70,29,2.82,scattered clouds
358,Bandarbeyla,SO,9.4942,50.8122,75.94,82,0,30.29,clear sky
359,Hastings,GB,50.8552,0.5729,75.13,83,40,4.83,scattered clouds
360,Egvekinot,RU,66.3167,-179.1667,43.86,98,100,5.08,light rain
361,Littleton,US,39.6133,-105.0166,87.19,32,20,5.01,few clouds
362,Porto Velho,BR,-8.7619,-63.9039,95.05,29,8,3.44,smoke
363,Maicao,CO,11.3832,-72.2432,92.19,46,17,9.78,few clouds
364,Kodino,RU,63.7198,39.6447,56.35,91,47,6.49,scattered clouds
365,Three Hills,CA,51.7001,-113.2686,78.62,44,100,11.5,overcast clouds
366,Tarko-Sale,RU,64.9225,77.785,56.59,75,30,16.49,scattered clouds
367,Salmo,CA,49.1999,-117.2689,82.89,30,21,3.87,few clouds
368,Leshukonskoye,RU,64.8989,45.7622,49.01,73,100,4.16,overcast clouds
369,Nanortalik,GL,60.1432,-45.2371,43.95,90,58,1.9,broken clouds
370,Chuy,UY,-33.6971,-53.4616,63.93,80,89,3.83,overcast clouds
371,Cabra,ES,37.4725,-4.4421,79.59,49,1,8.75,clear sky
372,Puerto Leguizamo,CO,-0.1934,-74.7819,82.44,64,99,1.45,overcast clouds
373,Comodoro Rivadavia,AR,-45.8667,-67.5,57.06,28,100,32.21,overcast clouds
374,Caceres,ES,39.522,-6.3748,83.26,32,0,7.47,clear sky
375,Nacala,MZ,-14.5428,40.6728,73.96,73,99,9.24,light rain
376,Pyshchug,RU,58.8873,45.7134,65.1,64,4,3.11,clear sky
377,Takayama,JP,36.1333,137.25,70.63,99,86,2.77,overcast clouds
378,Lima,PE,-12.0432,-77.0282,69.91,66,100,11.5,overcast clouds
379,Great Yarmouth,GB,52.6083,1.7305,76.41,82,54,8.86,broken clouds
380,Idah,NG,7.1065,6.7342,73.76,92,100,1.57,overcast clouds
381,Kenai,US,60.5544,-151.2583,58.14,86,100,12.66,overcast clouds
382,Mildura,AU,-34.2,142.15,48.07,91,100,8.68,overcast clouds
383,Mecca,SA,21.4267,39.8261,88.59,61,30,11.27,light rain
384,Sao Filipe,CV,14.8961,-24.4956,78.22,79,53,7.09,broken clouds
385,Port Lincoln,AU,-34.7333,135.8667,53.11,87,100,6.87,overcast clouds
386,Sadovoye,RU,47.7764,44.5089,76.86,28,0,7.94,clear sky
387,Port Hedland,AU,-20.3167,118.5667,64.45,22,4,12.66,clear sky
388,Rosarito,MX,32.3333,-117.0333,87.64,75,29,8.9,scattered clouds
389,Mercedes,AR,-34.6515,-59.4307,80.04,41,6,5.01,clear sky
390,Olpad,IN,21.3333,72.75,79.16,86,82,12.91,broken clouds
391,Eidfjord,NO,60.4675,7.0719,65.19,83,100,6.4,light rain
392,Havoysund,NO,70.9963,24.6622,50.23,81,100,2.17,overcast clouds
393,Itarema,BR,-2.9248,-39.9167,80.78,71,38,16.46,scattered clouds
394,Abalak,RU,58.1286,68.5944,60.53,89,54,5.82,broken clouds
395,Alenquer,BR,-1.9417,-54.7383,90.5,48,80,4.07,broken clouds
396,Lebowakgomo,ZA,-24.2,29.5,52.7,51,0,5.39,clear sky
397,Quelimane,MZ,-17.8786,36.8883,69.75,88,0,2.3,clear sky
398,Strezhevoy,RU,60.7333,77.5889,59.54,87,13,8.32,few clouds
399,Kamenka,RU,51.3223,42.7678,75.97,34,98,9.48,overcast clouds
400,Port Augusta,AU,-32.5,137.7667,43.3,91,6,3.06,clear sky
401,Ewa Beach,US,21.3156,-158.0072,84.15,66,0,9.22,clear sky
402,Tupelo,US,34.2576,-88.7034,84.49,55,40,6.91,scattered clouds
403,Vitre,FR,48.1178,-1.2058,80.42,65,55,9.17,broken clouds
404,Bilma,NE,18.6853,12.9164,98.82,18,88,5.35,overcast clouds
405,Yemelyanovo,RU,56.1681,92.6767,52.61,100,0,2.24,clear sky
406,Manaquiri,BR,-3.3167,-60.35,90.09,43,77,1.43,broken clouds
407,Kushiro,JP,42.975,144.3747,58.37,86,55,10.22,broken clouds
408,Shimoda,JP,34.6667,138.95,73.11,89,82,11.43,broken clouds
409,Santa Cruz Cabralia,BR,-16.2781,-39.0247,75.43,78,40,6.91,scattered clouds
410,Severo-Yeniseyskiy,RU,60.3725,93.0408,46.35,99,43,5.01,scattered clouds
411,Truth Or Consequences,US,33.1284,-107.2528,84.9,42,75,5.75,broken clouds
412,Shaunavon,CA,49.6501,-108.4181,73.18,35,16,11.43,few clouds
413,Nanga Eboko,CM,4.6833,12.3667,68.7,98,100,3.27,moderate rain
414,Tacuati,PY,-23.45,-56.5833,89.64,30,46,4.47,scattered clouds
415,Preobrazheniye,RU,42.9019,133.9064,59.9,74,7,5.7,clear sky
416,Westport,US,41.1415,-73.3579,92.28,49,20,8.05,few clouds
417,Sanary-Sur-Mer,FR,43.1178,5.8001,78.75,76,0,1.99,clear sky
418,Mwinilunga,ZM,-11.7358,24.4293,66.15,37,12,4.83,few clouds
419,Guymon,US,36.6828,-101.4816,86.0,26,0,4.61,clear sky
420,Ercis,TR,39.0287,43.3586,68.88,27,6,8.37,clear sky
421,Neuquen,AR,-38.9516,-68.0591,57.09,30,0,6.91,clear sky
422,Trinidad,BO,-14.8333,-64.9,93.18,36,20,6.91,few clouds
423,Cajati,BR,-24.7361,-48.1228,69.94,78,71,3.42,broken clouds
424,Bulgan,MN,48.8125,103.5347,41.31,75,1,4.94,clear sky
425,Samarai,PG,-10.6167,150.6667,79.95,79,69,12.73,broken clouds
426,Aklavik,CA,68.2191,-135.0107,61.9,75,100,3.49,overcast clouds
427,Redlands,US,34.0556,-117.1825,101.1,37,40,6.91,scattered clouds
428,Balkhash,KZ,46.844,74.9804,64.85,37,31,20.98,scattered clouds
429,Mentor,US,41.6662,-81.3395,84.2,59,0,11.5,clear sky
430,Selenduma,RU,50.9131,106.2406,46.83,75,100,2.19,overcast clouds
431,Berbera,SO,10.4396,45.0143,91.99,38,2,13.53,clear sky
432,Broken Hill,AU,-31.95,141.4333,42.91,86,1,7.7,clear sky
433,Puerto Del Rosario,ES,28.5004,-13.8627,74.95,78,20,19.57,few clouds
434,Chihuahua,MX,28.5,-106.0,67.03,60,93,7.83,overcast clouds
435,Andros Town,BS,24.7,-77.7667,89.56,66,29,11.61,scattered clouds
436,Zunyi,CN,27.6867,106.9072,75.76,76,100,3.29,overcast clouds
437,Uige,AO,-7.6087,15.0613,71.58,76,86,2.66,overcast clouds
438,Tevaitoa,PF,-16.7833,-151.5,75.76,82,6,13.35,light rain
439,Ozernovskiy,RU,51.5,156.5167,52.2,98,100,18.95,light rain
440,Sao Gabriel Da Cachoeira,BR,-0.1303,-67.0892,87.6,66,40,3.44,scattered clouds
441,Plettenberg Bay,ZA,-34.0527,23.3716,65.52,56,0,2.71,clear sky
442,Sao Francisco Do Sul,BR,-26.2433,-48.6381,73.31,64,40,10.36,scattered clouds
443,Salym,RU,60.0625,71.4789,62.69,83,85,8.43,light rain
444,Port Hardy,CA,50.6996,-127.4199,60.98,88,75,5.75,mist
445,Iskateley,RU,67.6803,53.1512,48.72,87,58,12.68,broken clouds
446,Manaure,CO,11.7751,-72.4445,87.66,63,13,14.32,few clouds
447,Yola,NG,9.2,12.4833,73.22,94,20,9.06,few clouds
448,Fairbanks,US,64.8378,-147.7164,57.6,78,100,3.44,overcast clouds
449,Talaja,IN,21.35,72.05,78.89,86,87,12.17,overcast clouds
450,Kathu,TH,7.9178,98.3332,82.74,87,100,11.01,moderate rain
451,Sisimiut,GL,66.9395,-53.6735,47.05,65,100,1.7,overcast clouds
452,Marsh Harbour,BS,26.5412,-77.0636,84.24,71,91,8.34,overcast clouds
453,Bowen,AU,-20.0167,148.2333,54.82,52,0,12.75,clear sky
454,Kaoma,ZM,-14.7833,24.8,67.03,36,61,7.49,broken clouds
455,Channel-Port Aux Basques,CA,47.5702,-59.1367,66.72,92,100,10.76,overcast clouds
456,Craig,US,40.5153,-107.5464,87.75,16,0,4.61,clear sky
457,Svetlogorsk,BY,52.6333,29.7333,70.05,48,78,8.1,broken clouds
458,Porto Novo,BJ,6.4965,2.6036,76.82,83,81,6.6,broken clouds
459,La Palma,US,33.8464,-118.0467,98.91,67,40,9.22,scattered clouds
460,Domna,RU,51.8971,113.1573,42.96,93,16,6.71,few clouds
461,Milkovo,RU,54.7167,158.6167,58.15,71,81,16.73,broken clouds
462,Palmer,US,42.1584,-72.3287,87.17,54,75,8.05,broken clouds
463,Sabang,ID,5.8933,95.3214,80.87,80,99,16.17,overcast clouds
464,Marakkanam,IN,12.2,79.95,80.02,82,100,9.48,overcast clouds
465,Oudtshoorn,ZA,-33.5907,22.2014,69.6,27,3,6.55,clear sky
466,Marti,CU,22.9475,-80.9203,85.06,72,79,9.82,light rain
467,Tocopilla,CL,-22.092,-70.1979,66.06,63,20,9.69,few clouds
468,Vila Franca Do Campo,PT,37.7167,-25.4333,73.81,74,100,2.68,overcast clouds
469,Aswan,EG,24.0934,32.907,99.7,16,0,3.44,clear sky
470,Hualmay,PE,-11.0964,-77.6139,66.18,71,14,9.8,few clouds
471,Tuatapere,NZ,-46.1333,167.6833,36.95,79,95,3.13,overcast clouds
472,Rorvik,NO,64.8621,11.2373,60.78,77,13,2.3,few clouds
473,Nantucket,US,41.2835,-70.0995,82.51,74,0,13.8,clear sky
474,Nchelenge,ZM,-9.3451,28.734,76.44,47,96,5.64,overcast clouds
475,Seoul,KR,37.5683,126.9778,72.84,83,0,4.61,clear sky
476,Taoudenni,ML,22.6783,-3.9836,104.61,15,6,7.61,clear sky
477,Kudahuvadhoo,MV,2.6708,72.8944,81.09,74,100,7.81,overcast clouds
478,Bonavista,CA,48.6499,-53.1147,69.44,86,100,13.94,overcast clouds
479,Mount Pleasant,US,32.7941,-79.8626,87.13,77,20,3.0,light intensity drizzle
480,Kahramanmaras,TR,38.0,37.0,68.05,81,0,7.25,clear sky
481,Padang,ID,-0.9492,100.3543,75.58,87,68,4.27,light rain
482,Qena,EG,26.1615,32.7183,96.6,15,0,14.63,clear sky
483,Alice Springs,AU,-23.7,133.8833,33.35,60,0,2.3,clear sky
484,Alugan,PH,12.2188,125.4808,79.92,84,93,3.47,overcast clouds
485,Bairiki,KI,1.3292,172.9752,78.8,83,40,1.14,scattered clouds
486,Iquitos,PE,-3.7481,-73.2472,89.64,45,40,4.61,scattered clouds
487,Amapa,BR,1.0,-52.0,87.51,56,100,3.18,overcast clouds
488,Petauke,ZM,-14.2426,31.3253,65.8,48,4,10.38,clear sky
489,Amot,NO,59.5714,7.9877,52.75,93,100,3.67,overcast clouds
490,Matamoros,MX,25.5333,-103.25,82.51,51,75,0.0,broken clouds
491,Kavieng,PG,-2.5744,150.7967,80.08,80,77,6.8,broken clouds
492,Zonguldak,TR,41.25,31.8333,67.8,93,100,5.88,overcast clouds
493,Tucuman,AR,-26.8241,-65.2226,84.2,18,0,3.44,clear sky
494,Antalaha,MG,-14.9003,50.2788,66.07,88,83,8.48,light rain
495,Maceio,BR,-9.6658,-35.7353,80.04,61,20,10.36,few clouds
496,Lerwick,GB,60.1545,-1.1494,57.2,95,100,12.1,light rain
497,San Cristobal,VE,7.7669,-72.225,84.38,53,29,8.55,scattered clouds
498,Barra Do Garcas,BR,-15.89,-52.2567,93.78,20,0,9.22,clear sky
499,Koslan,RU,63.4564,48.8989,56.88,64,95,4.7,overcast clouds
500,Imeni Zhelyabova,RU,58.9544,36.5956,68.56,50,10,5.53,clear sky
501,Sala,MA,34.0389,-6.8166,74.08,78,75,4.61,broken clouds
502,Ban Nahin,LA,18.2418,104.2122,77.68,95,100,0.72,overcast clouds
503,Torbat-E Jam,IR,35.244,60.6225,66.78,17,0,15.77,clear sky
504,Yumen,CN,40.2833,97.2,68.86,43,84,9.15,broken clouds
505,Petrykiv,UA,49.5332,25.5809,70.3,39,7,8.77,clear sky
506,Tyukhtet,RU,56.5389,89.3011,53.92,94,100,4.38,overcast clouds
507,Raahe,FI,64.6833,24.4833,57.29,87,70,6.04,broken clouds
508,Dudinka,RU,69.4058,86.1778,49.62,83,94,5.95,overcast clouds
509,Clifton,US,40.8584,-74.1638,91.74,39,20,10.36,few clouds
510,Berdigestyakh,RU,62.0989,126.6992,41.43,96,77,8.7,broken clouds
511,Malumfashi,NG,11.7853,7.6218,71.29,88,99,7.87,overcast clouds
512,Los Llanos De Aridane,ES,28.6585,-17.9182,74.12,81,75,16.11,broken clouds
513,North Platte,US,41.1239,-100.7654,92.98,26,0,4.0,clear sky
514,Asau,RO,46.4333,26.4,70.72,52,91,6.04,light rain
515,Kesova Gora,RU,57.5836,37.2922,66.52,51,72,5.32,broken clouds
516,Coihaique,CL,-45.5752,-72.0662,49.95,53,75,4.61,broken clouds
517,Naples,IT,40.8333,14.25,79.75,69,59,3.44,broken clouds
518,Ixtapa,MX,20.7,-105.2,89.22,70,20,5.75,few clouds
519,Temir,KZ,49.1414,57.13,69.01,45,0,8.77,clear sky
520,Port-Gentil,GA,-0.7193,8.7815,78.76,78,75,6.91,broken clouds
521,Prince Rupert,CA,54.3161,-130.3201,68.09,82,0,5.75,clear sky
522,Tecpan,GT,14.7623,-90.9947,66.88,70,99,4.7,overcast clouds
523,Tautira,PF,-17.7333,-149.15,76.32,78,89,19.66,light rain
524,Lavrentiya,RU,65.5833,-171.0,41.25,95,100,5.55,overcast clouds
525,Taltal,CL,-25.4,-70.4833,61.39,71,24,5.1,few clouds
526,Sakaiminato,JP,35.55,133.2333,73.38,100,75,1.14,light intensity shower rain
527,San Rafael,AR,-34.6177,-68.3301,69.08,20,79,6.38,broken clouds
528,Indramayu,ID,-6.3264,108.32,77.67,76,99,10.29,overcast clouds
529,Berlevag,NO,70.8578,29.0864,51.6,76,0,5.75,clear sky
530,San Jose,US,37.3394,-121.895,88.59,51,0,9.22,clear sky
531,Avera,US,33.194,-82.5271,86.05,67,100,8.16,light rain
532,Marstal,DK,54.8562,10.5173,66.11,80,11,15.32,few clouds
533,Oum Hadjer,TD,13.2954,19.6966,77.83,77,100,3.0,overcast clouds
534,Duku,NG,11.2361,4.9073,73.44,88,100,3.65,overcast clouds
535,Bargteheide,DE,53.7333,10.2667,73.44,77,68,1.01,broken clouds
536,Santiago Do Cacem,PT,38.0169,-8.6948,63.03,90,0,14.36,clear sky
537,Bom Jesus,BR,-9.0744,-44.3586,93.67,22,86,8.61,overcast clouds
538,Silopi,TR,37.2497,42.4694,90.59,23,0,3.56,clear sky
539,Rizhao,CN,35.4275,119.4553,67.71,73,94,3.13,overcast clouds
540,Ptuj,SI,46.4201,15.8702,70.14,88,75,3.44,broken clouds
541,Port-Cartier,CA,50.0334,-66.8654,68.76,85,79,3.6,broken clouds
542,Roald,NO,62.5833,6.1333,72.52,60,75,8.05,light rain
543,Horta,PT,38.5333,-28.6333,74.84,78,40,0.0,scattered clouds
544,Cervo,ES,43.6702,-7.4101,68.97,96,90,5.99,overcast clouds
545,Aktas,KZ,49.7789,72.9608,42.55,52,0,7.76,clear sky
546,Namibe,AO,-15.1961,12.1522,64.22,82,100,6.89,overcast clouds
547,Broome,US,42.2506,-75.833,82.42,54,0,10.36,clear sky
548,Goicea,RO,43.9167,23.6167,76.91,70,38,5.21,scattered clouds
549,Kiama,AU,-34.6833,150.8667,51.58,72,11,11.99,light rain
550,Saint-Joseph,RE,-21.3667,55.6167,70.18,72,17,13.62,few clouds
551,Marienburg,PL,54.0359,19.0266,72.12,97,15,7.49,few clouds
552,Alekseyevsk,RU,57.8406,108.3492,41.02,98,74,2.71,broken clouds
553,Colon,PA,9.3592,-79.9014,88.11,62,99,10.0,overcast clouds
554,Sao Jose Da Tapera,BR,-9.5583,-37.3811,71.49,69,94,11.3,overcast clouds
555,Atbasar,KZ,51.8,68.3333,56.84,48,0,2.68,clear sky
556,Serebryansk,KZ,49.6925,83.2892,53.35,62,0,2.42,clear sky
557,Russell,US,32.3502,-85.1999,86.95,58,20,3.44,few clouds
558,Sioux Lookout,CA,50.1001,-91.917,68.07,64,75,2.3,broken clouds
559,Aranos,NA,-24.1333,19.1167,64.06,21,0,14.43,clear sky
560,Matanzas,CU,23.0411,-81.5775,81.36,83,75,13.8,broken clouds
561,Mareeba,AU,-17.0,145.4333,61.52,93,3,2.21,clear sky
562,Sept-Iles,CA,50.2001,-66.3821,69.06,78,40,9.22,scattered clouds
563,Batagay,RU,67.6333,134.6333,41.81,94,100,3.87,overcast clouds
564,Tapiramuta,BR,-11.8472,-40.7914,66.92,66,100,4.12,overcast clouds
565,Makakilo City,US,21.3469,-158.0858,82.72,66,0,9.22,clear sky
566,Ust-Kan,RU,50.9276,84.761,41.18,90,0,1.48,clear sky
567,Mount Isa,AU,-20.7333,139.5,51.57,28,0,12.66,clear sky
568,La Ronge,CA,55.1001,-105.2842,71.85,53,20,6.91,smoke
569,Abramovka,RU,51.1886,41.0202,75.83,36,52,10.29,broken clouds
570,Limon,CR,10.0,-83.0333,85.05,71,50,7.34,scattered clouds
571,Varfurile,RO,46.3167,22.5167,65.53,90,96,3.44,light rain
572,Ustye,RU,59.6304,39.736,68.92,60,86,4.7,overcast clouds
573,Pitimbu,BR,-7.4706,-34.8086,79.39,76,43,16.22,scattered clouds
574,Ila,NO,63.4305,10.3705,64.92,69,11,1.01,few clouds
575,Chateau-Gontier,FR,47.8333,-0.7,82.56,47,29,7.38,scattered clouds
576,Ambon,ID,-3.6954,128.1814,75.34,94,40,5.75,scattered clouds
577,Calvinia,ZA,-31.4707,19.776,58.8,46,0,5.26,clear sky
578,Arrifes,PT,37.7667,-25.7,71.85,68,75,3.44,broken clouds
579,Maningrida,AU,-12.0667,134.2667,64.13,55,0,14.7,clear sky
580,Cayenne,GF,4.9333,-52.3333,84.24,65,40,6.91,scattered clouds
581,Winnemucca,US,40.973,-117.7357,89.65,12,0,5.75,clear sky
582,Adjumani,UG,3.3779,31.7909,65.35,93,59,1.63,broken clouds
583,Marsaxlokk,MT,35.8419,14.5431,79.41,73,20,9.22,few clouds
584,College,US,64.8569,-147.8028,57.58,79,100,3.44,overcast clouds
585,Totness,SR,5.8833,-56.3167,74.79,91,100,3.58,overcast clouds
586,Sredniy Ikorets,RU,51.0675,39.7584,74.75,36,31,9.71,scattered clouds
587,Buala,SB,-8.145,159.5921,78.69,82,65,5.19,light rain
588,Mumford,GH,5.2618,-0.759,73.15,90,4,5.64,clear sky
589,Trairi,BR,-3.2778,-39.2689,79.93,73,68,12.84,broken clouds
590,Eagle Pass,US,28.7091,-100.4995,90.27,70,40,0.0,scattered clouds
591,Vardo,NO,70.3705,31.1107,51.78,82,0,14.97,clear sky
592,Mamlyutka,KZ,54.9375,68.5394,63.45,70,82,5.86,broken clouds
593,Fukue,JP,32.6881,128.8419,79.48,81,39,6.02,scattered clouds
594,Zemetchino,RU,53.4973,42.6163,70.59,40,0,8.05,clear sky
595,Restrepo,CO,3.822,-76.5224,84.54,73,45,7.14,scattered clouds
596,Maputo,MZ,-25.9653,32.5892,65.88,88,0,9.22,clear sky
597,Matay,EG,28.419,30.7792,91.65,22,0,11.36,clear sky
598,Tigzirt,DZ,36.8886,4.1198,78.08,69,0,9.73,clear sky
599,Shelton,US,41.3165,-73.0932,91.15,57,20,11.5,few clouds
600,Esmeraldas,BR,-19.7625,-44.3139,80.91,27,21,2.8,few clouds
601,Halifax,CA,44.6453,-63.5724,78.69,88,100,8.05,overcast clouds
602,Maraa,BR,-1.8333,-65.3667,77.74,76,98,3.04,light rain
603,Tevriz,RU,57.509,72.4042,59.59,87,18,5.12,few clouds
604,San Ramon,US,37.7799,-121.978,88.02,50,0,8.05,clear sky
605,Shilka,RU,51.85,116.0333,43.84,75,90,5.57,overcast clouds
606,Selenginsk,RU,52.0064,106.8647,48.61,97,100,7.9,light rain
607,Denpasar,ID,-8.65,115.2167,78.46,83,40,18.41,scattered clouds
608,Eureka,US,40.8021,-124.1637,85.68,84,68,4.0,broken clouds
609,Tilichiki,RU,60.4667,166.1,51.93,92,69,11.14,broken clouds
610,Yichang,CN,30.7144,111.2847,78.21,70,100,2.44,overcast clouds
611,Neyshabur,IR,36.2133,58.7958,65.75,17,0,5.26,clear sky
612,Matiguas,NI,12.8373,-85.4622,80.04,84,98,3.71,overcast clouds
613,Southbridge,US,42.0751,-72.0334,86.47,68,49,5.01,scattered clouds
614,Bunog,PH,9.1403,117.7817,78.46,86,100,4.92,overcast clouds
615,Ardatov,RU,55.2421,43.097,69.1,43,86,7.47,overcast clouds
616,Teguldet,RU,57.3064,88.1667,57.36,85,99,3.78,overcast clouds
617,Ust-Ilimsk,RU,58.0006,102.6619,45.41,99,92,2.3,overcast clouds
618,Loandjili,CG,-4.7561,11.8578,72.75,81,62,8.99,broken clouds
619,Svetlaya,RU,46.5389,138.3297,57.43,74,25,5.59,scattered clouds
620,Aksay,RU,47.26,39.87,83.25,18,0,14.0,clear sky
621,Santa Rosa,PH,14.3122,121.1114,78.78,94,100,3.62,overcast clouds
622,Oga,IT,46.4631,10.347,65.08,85,10,1.36,clear sky
623,Ostrovnoy,RU,68.0531,39.5131,46.47,88,100,2.95,overcast clouds
624,Saint Augustine,US,29.8947,-81.3145,91.04,72,100,10.0,overcast clouds
625,Half Moon Bay,US,37.4636,-122.4286,86.58,72,75,10.36,mist
626,Tura,IN,25.5198,90.2201,73.81,94,37,5.3,scattered clouds
627,Fuerte Olimpo,PY,-21.0415,-57.8738,94.01,20,73,6.17,broken clouds
628,Yamada,JP,39.4667,141.95,64.9,83,8,2.75,clear sky
629,Chulym,RU,55.0997,80.9572,54.28,86,9,3.36,clear sky
630,Erenhot,CN,43.6475,111.9767,59.05,50,0,3.53,clear sky
631,Ust-Kuyga,RU,70.0167,135.6,40.6,84,88,5.14,overcast clouds
632,Concepcion Del Uruguay,AR,-32.4825,-58.2372,79.25,60,4,1.01,clear sky
633,Krasnoselkup,RU,65.7,82.4667,55.51,96,39,11.83,scattered clouds
634,Sturgis,US,41.7992,-85.4192,84.0,50,0,0.0,clear sky
635,Kaeo,NZ,-35.1,173.7833,58.32,96,100,13.47,light rain
636,Roswell,US,34.0232,-84.3616,86.58,76,75,4.61,broken clouds
637,Bagotville,AU,-28.9833,153.4167,41.63,63,0,5.5,clear sky
638,Valparaiso,CL,-33.0393,-71.6273,64.63,68,75,9.22,haze
639,Changli,CN,39.7042,119.1506,65.07,91,100,6.62,overcast clouds
640,Den Helder,NL,52.9599,4.7593,73.96,90,100,8.99,overcast clouds
641,Bezhetsk,RU,57.7851,36.6965,66.43,49,93,6.06,overcast clouds
642,Skelleftea,SE,64.7507,20.9528,52.16,100,0,2.3,fog
643,Sorong,ID,-0.8833,131.25,77.92,84,100,3.27,overcast clouds
644,Heihe,CN,50.2441,127.4902,52.38,87,100,3.09,moderate rain
645,Cockburn Town,TC,21.4612,-71.1419,83.62,73,4,14.16,clear sky
646,Dunedin,NZ,-45.8742,170.5036,44.8,63,100,8.99,overcast clouds
647,Huilong,CN,31.8111,121.655,79.93,76,100,7.7,overcast clouds
648,Tekari,IN,24.9333,84.8333,82.62,80,62,2.98,broken clouds
649,Chamba,IN,32.5667,76.1333,75.06,83,78,2.1,broken clouds
650,Palasa,IN,18.7667,84.4167,80.53,82,100,2.71,overcast clouds
651,Ofaqim,IL,31.3141,34.6203,78.71,63,0,10.31,clear sky
652,Lircay,PE,-12.9896,-74.7205,61.97,25,0,7.61,clear sky
653,Zhanaozen,KZ,43.3,52.8,75.11,21,0,10.29,clear sky
654,Batemans Bay,AU,-35.7167,150.1833,52.11,72,95,5.03,overcast clouds
655,Villarrica,PY,-25.75,-56.4333,79.65,58,27,4.68,scattered clouds
656,Omboue,GA,-1.5746,9.2618,74.39,81,100,7.85,overcast clouds
657,Port Keats,AU,-14.25,129.55,61.92,23,77,15.32,broken clouds
658,Kieta,PG,-6.2167,155.6333,77.92,83,100,1.86,light rain
659,Launceston,AU,-41.45,147.1667,46.04,85,56,5.75,broken clouds
660,Taywarah,AF,33.35,64.4167,54.79,26,62,6.53,broken clouds
661,Reyes,BO,-14.3167,-67.3833,93.36,36,20,0.0,few clouds
662,Morehead,US,37.2711,-87.1764,85.75,52,40,3.44,scattered clouds
663,Puerto Escondido,MX,15.85,-97.0667,84.72,70,100,3.69,overcast clouds
664,Mookane,BW,-23.688,26.6595,60.94,34,0,3.76,clear sky
665,Havelock,US,34.8791,-76.9013,89.56,69,0,1.01,clear sky
666,Santa Marta,CO,11.2408,-74.199,91.45,62,20,6.91,few clouds
667,Belmonte,BR,-15.8631,-38.8828,73.94,68,15,6.6,few clouds
668,Hudiksvall,SE,61.729,17.1036,55.6,84,0,3.38,clear sky
669,Tromso,NO,69.6496,18.957,50.02,87,0,5.75,clear sky
670,Port Hawkesbury,CA,45.6169,-61.3485,76.91,85,100,8.05,overcast clouds
671,Hamilton,US,39.1834,-84.5333,86.95,48,40,3.0,scattered clouds
672,Jumla,NP,29.2747,82.1838,61.72,90,98,1.79,overcast clouds
673,Bantou,CN,26.2151,117.4893,77.7,84,36,2.77,scattered clouds
674,Honiara,SB,-9.4333,159.95,76.62,82,41,3.91,scattered clouds
675,Viedma,AR,-40.8135,-62.9967,58.59,38,99,6.85,overcast clouds
676,Innisfail,AU,-17.5333,146.0333,65.46,71,100,8.81,overcast clouds
677,Angren,UZ,41.0167,70.1436,64.81,26,56,0.6,broken clouds
678,Ketchikan,US,55.3422,-131.6461,70.27,68,0,12.66,clear sky
679,Naze,JP,28.3667,129.4833,81.52,86,100,10.94,overcast clouds
680,Grindavik,IS,63.8424,-22.4338,54.07,82,0,5.75,clear sky
681,Caxito,AO,-8.5785,13.6643,72.45,83,92,4.45,overcast clouds
682,Nurota,UZ,40.5614,65.6886,68.81,18,0,3.62,clear sky
683,Les Cayes,HT,18.2,-73.75,85.73,66,48,11.05,scattered clouds
684,Charters Towers,AU,-20.1,146.2667,44.89,44,0,11.21,clear sky
685,Kerava,FI,60.4034,25.105,65.59,85,75,9.22,broken clouds
686,Njombe,TZ,-9.3333,34.7667,49.82,85,3,5.3,clear sky
687,Edmundston,CA,47.3737,-68.3251,73.63,68,75,5.75,broken clouds
688,Panaba,MX,21.2833,-88.2667,88.9,54,94,12.28,overcast clouds
689,Sayula,MX,19.8667,-103.6167,77.0,66,24,3.0,few clouds
690,Saint Anthony,US,45.0205,-93.218,83.25,66,75,9.22,broken clouds
691,Tapah,MY,4.2004,101.2598,75.11,95,82,2.77,broken clouds
692,Yablochnyy,RU,47.1661,142.0661,61.14,90,23,6.17,few clouds
693,Grafton,US,42.207,-71.6856,86.36,61,0,10.36,clear sky
694,Imbituba,BR,-28.24,-48.6703,68.0,77,0,15.32,clear sky
695,The Valley,AI,18.217,-63.0578,87.66,66,20,16.11,few clouds
696,Ipanema,BR,-30.1391,-51.2244,80.02,50,0,3.44,clear sky
697,Derbent,RU,42.0678,48.2899,72.5,57,0,6.08,clear sky
698,Seguin,US,29.5688,-97.9647,93.47,75,75,11.5,broken clouds
699,Akyab,MM,20.15,92.9,80.46,86,7,1.68,clear sky
700,Manhush,UA,47.0558,37.3107,81.75,30,0,21.07,clear sky
701,Artvin,TR,41.1667,41.8333,75.99,49,82,5.82,broken clouds
702,Mitsamiouli,KM,-11.3847,43.2844,75.27,80,8,7.11,clear sky
703,Bull Savanna,JM,17.8868,-77.5902,84.85,66,59,15.08,broken clouds
704,Havre-Saint-Pierre,CA,50.2334,-63.5986,68.36,83,75,11.5,broken clouds
705,Samsun,TR,41.25,36.3333,75.96,94,75,1.14,broken clouds
